timeSteps,moleculeCount,cutOffRadius,totalTime,name
4,87808,5.000000e+00,7.303738e+00, no_cuda_lj_80000
4,87808,1.000000e+01,5.703002e+01, no_cuda_lj_80000_10
4,87808,1.500000e+01,2.039902e+02, no_cuda_lj_80000_15
4,87808,2.000000e+01,6.898876e+02, no_cuda_lj_80000_20
4,87808,3.000000e+01,1.828002e+03, no_cuda_lj_80000_30
