potential,virial
7.934271073120304000e+16,-7.677576345770608640e+18
1.242714766849056018e+27,1.475990981047825619e+30
1.044119957920502415e+20,-3.576043339809462157e+22
1.384912106130510971e+20,-4.851902340417277080e+22
1.026074010992942848e+18,2.194393045702231654e+20
