potential,virial
-9.775065551831168705e+03,-5.845646014784996078e+04
-9.897118452708011318e+03,-5.917636686458864278e+04
-1.010628906029495738e+04,-6.040866833069389395e+04
-1.041138976414898025e+04,-6.220260116000359994e+04
-1.082601312406845136e+04,-6.463321625712929381e+04
