potential,virial
-9.261189252804450007e+03,-5.537327670325324289e+04
-9.404743140312906689e+03,-5.622218076623470552e+04
-9.622554409199603469e+03,-5.750632256237788533e+04
-9.931875905193335711e+03,-5.932557834603272204e+04
-1.034844481805572832e+04,-6.176786599333510094e+04
