potential,virial
-9.791734565481716345e+03,-5.855647421677928651e+04
-9.913883574442896133e+03,-5.927695758059341460e+04
-1.012306300310424194e+04,-6.050931197476536909e+04
-1.042817203031878307e+04,-6.230329474645363371e+04
-1.084276224638749227e+04,-6.473371098095539492e+04
