potential,virial
-9.730108692940108085e+03,-5.818671911546625051e+04
-9.852520523561537630e+03,-5.890877940895075153e+04
-1.006139180136346477e+04,-6.013928489829221508e+04
-1.036598436694303200e+04,-6.193016890123913618e+04
-1.078039050781050173e+04,-6.435948068539614906e+04
