potential,virial
-9.785995881527864185e+03,-5.852204212086233019e+04
-9.908201889572124855e+03,-5.924286748132943467e+04
-1.011740240567049295e+04,-6.047534839883649693e+04
-1.042251017083837905e+04,-6.226932359628692211e+04
-1.083709514853451401e+04,-6.469970840010901884e+04
