potential,virial
1.986395955324892800e+16,-1.871182700748467968e+18
2.454381559569829133e+27,-2.349639574539225882e+30
2.678386409427123699e+24,-1.714476033394650172e+26
6.509058818725744640e+18,-1.403924396421173477e+21
6.935614495935027164e+23,-2.681185613106141867e+26
