cutOffRadius,totalTime,numWarps,CUDA_totalTime,CUDA_preTime,CUDA_postTime,CUDA_singleTime,CUDA_pairTime,CUDA_processingTime
5,3.218152,2,339.4295,30.8639,13.35134,17.57942,277.6253,295.2088
10,5.656681,2,706.9154,39.54585,20.40454,35.29414,611.6614,646.9596
15,14.18856,2,2299.419,49.27819,24.52552,92.80684,2132.799,2225.61
20,40.51272,2,7299.607,72.95865,35.73801,261.4858,6929.415,7190.905
