potential, virial
-9.793122531610741135e+03, -5.856480172570967261e+04
-9.915265363030019216e+03, -5.928524832338280976e+04
-1.012449679281747740e+04, -6.051791454583633458e+04
-1.042955203940700267e+04, -6.231157480832750298e+04
-1.084370525478495620e+04, -6.473937435336514318e+04
