potential, virial
-9.788340815004799879e+03, -5.853607018056720699e+04
-9.914809649440796420e+03, -5.928240112165407481e+04
-1.011810575813953074e+04, -6.047956344500817067e+04
-1.042445049071252470e+04, -6.228093230686207244e+04
-1.082755144355439552e+04, -6.464265043127327226e+04
