cutOffRadius,totalTime,numWarps,CUDA_totalTime,CUDA_preTime,CUDA_postTime,CUDA_singleTime,CUDA_pairTime,CUDA_processingTime
5,4.743356,8,641.3493,30.07925,13.81794,19.00601,577.7473,597.4467
10,5.042411,8,588.0329,40.33291,19.0391,34.15677,493.8449,528.6554
15,11.62106,8,1802.916,47.68131,25.24217,106.1886,1623.68,1729.987
20,30.51242,8,5351.852,71.04693,35.14092,331.5647,4913.73,5245.659
30,92.88605,8,17534.34,103.5692,66.64947,804.8866,16558.62,17364.12
40,332.5953,8,64448.57,147.1836,97.18315,2458.113,61745.73,64204.19
