potential, virial
-9.795694608197440175e+03, -5.858007277421418985e+04
-9.907634641607519370e+03, -5.923946718937100377e+04
-1.012487637833535155e+04, -6.052003908428188879e+04
-1.042943873179940783e+04, -6.231075169110824936e+04
-1.083881006602114212e+04, -6.470996331387857936e+04
