cutOffRadius,totalTime,numWarps,CUDA_totalTime,CUDA_preTime,CUDA_postTime,CUDA_singleTime,CUDA_pairTime,CUDA_processingTime
5,4.266766,2,547.715,29.82535,13.61621,15.90987,487.7775,504.2679
10,6.643858,2,910.4648,39.39577,20.00972,46.83772,803.8425,851.0538
15,16.96372,2,2869.203,47.67483,26.34297,146.8371,2647.952,2795.18
20,47.8939,2,8821.563,74.53006,42.34926,460.6585,8243.498,8704.678
30,148.3583,2,28662.87,90.33185,51.13309,1111.318,27409.48,28521.4
