potential, virial
-9.776919044787917301e+03, -5.846754519794748921e+04
-9.898748669337741376e+03, -5.918611915368492191e+04
-1.010722816972357214e+04, -6.041428165269729652e+04
-1.041220676954424562e+04, -6.220748263737707020e+04
-1.082430496595989462e+04, -6.462302105667142314e+04
