cutOffRadius,totalTime,numWarps,CUDA_totalTime,CUDA_preTime,CUDA_postTime,CUDA_singleTime,CUDA_pairTime,CUDA_processingTime
5,4.094282,4,510.8803,29.8685,14.29413,27.65377,439.0543,466.7122
10,5.973098,4,769.8148,39.19897,19.84207,41.68691,669.0772,710.7682
15,15.61204,4,2569.538,49.13511,26.09208,103.7511,2390.55,2494.305
20,41.20628,4,7400.114,73.73139,35.34106,267.2845,7023.747,7291.035
