potential, virial
-9.785995881530052429e+03, -5.852204212362271210e+04
-9.908201889570367712e+03, -5.924286748295933648e+04
-1.011740240566877037e+04, -6.047534839999950054e+04
-1.042251017083888109e+04, -6.226932359717221698e+04
-1.083709514853430483e+04, -6.469970840088316618e+04
