potential, virial
-9.785995881530052429e+03, -5.852204212362271210e+04
-9.908201889570367712e+03, -5.924286748295934376e+04
-1.011740240566877037e+04, -6.047534839999950054e+04
-1.042251017083888291e+04, -6.226932359717220970e+04
-1.083709514853430483e+04, -6.469970840088315163e+04
