potential, virial
-9.786365183010109831e+03, -5.852425258790318185e+04
-9.908480483382885723e+03, -5.924453331480838824e+04
-1.011763621071978741e+04, -6.047674774389578670e+04
-1.042251503176073311e+04, -6.226935277478221542e+04
-1.083710183735791543e+04, -6.469974827867309796e+04
