potential, virial
-9.775065551830970435e+03, -5.845646014849492349e+04
-9.897118452708458790e+03, -5.917636686491381988e+04
-1.010628906029459358e+04, -6.040866833089043212e+04
-1.041138976414870558e+04, -6.220260116018076224e+04
-1.082601312406737998e+04, -6.463321625722436875e+04
