potential, virial
-9.777109378359939001e+03, -5.846887485730485787e+04
-9.903626786599877960e+03, -5.921549955717141711e+04
-1.011350729544666137e+04, -6.045206457419868093e+04
-1.041109475054051109e+04, -6.220104196869726729e+04
-1.085778286554542137e+04, -6.482340126934627187e+04
