cutOffRadius,totalTime,numWarps,CUDA_totalTime,CUDA_preTime,CUDA_postTime,CUDA_singleTime,CUDA_pairTime,CUDA_processingTime
5,4.245307,1,542.3126,30.13998,12.94857,22.53569,476.1614,499.2186
10,10.07711,1,1595.952,39.27138,18.91437,86.18509,1450.884,1537.761
15,28.8348,1,5234.334,50.56116,29.04998,269.1891,4885.255,5154.718
20,85.67257,1,16291.88,74.58649,41.95858,852.338,15322.53,16175.33
30,270.2479,1,53066.72,87.15085,60.50137,2056.756,50861.92,52919.06
