potential, virial
-9.775238852949909415e+03, -5.845749809333782468e+04
-9.897180049749687896e+03, -5.917673622572995373e+04
-1.010716309266668031e+04, -6.041389424669976870e+04
-1.041142211660368594e+04, -6.220279581866227090e+04
-1.082619410209720627e+04, -6.463429828513274697e+04
