potential, virial
-9.724826217548357818e+03, -5.815512004881037865e+04
-9.840514836711259704e+03, -5.883697641283705889e+04
-1.005265496487242672e+04, -6.008705451204297424e+04
-1.035789335438000126e+04, -6.188184027088408766e+04
-1.076474693313978605e+04, -6.426603468928716757e+04
