potential, virial
-9.793815060263035775e+03, -5.856892180148931220e+04
-9.914713625433034395e+03, -5.928192279975928250e+04
-1.012679749236848875e+04, -6.053164224346571427e+04
-1.042598186509059815e+04, -6.229019906241064018e+04
-1.083830526424747040e+04, -6.470709425733525859e+04
