potential, virial
-9.791831827784006236e+03, -5.855705634134467982e+04
-9.913732366099895444e+03, -5.927605236610352586e+04
-1.012306069319535345e+04, -6.050929812553177908e+04
-1.042817117729409802e+04, -6.230328963538146490e+04
-1.084276377954362215e+04, -6.473372018684042268e+04
