potential, virial
-9.793108134092550245e+03, -5.856471563873849664e+04
-9.915260773532840176e+03, -5.928522078615451755e+04
-1.012444154439824342e+04, -6.051758323212829418e+04
-1.042954694365634350e+04, -6.231154423515111557e+04
-1.084414549235726736e+04, -6.474201046322280308e+04
