potential, virial
-9.730277276647482722e+03, -5.818772774107730220e+04
-9.852616712622684645e+03, -5.890935495989038463e+04
-1.006138952885119397e+04, -6.013927101479628618e+04
-1.036598678582018147e+04, -6.193018305414135102e+04
-1.078054092242374281e+04, -6.436037749648906174e+04
