potential, virial
-9.784545292219911062e+03, -5.851318404547456885e+04
-9.898952122791049987e+03, -5.918735376468446339e+04
-1.011275491018253160e+04, -6.044732282445451710e+04
-1.039781703590812504e+04, -6.212152162792211311e+04
-1.082998671731860668e+04, -6.465702026435849257e+04
