cutOffRadius,totalTime,numWarps,CUDA_totalTime,CUDA_preTime,CUDA_postTime,CUDA_singleTime,CUDA_pairTime,CUDA_processingTime
5,5.93752,8,872.9921,29.87095,14.14091,48.70888,780.2618,828.9748
10,7.374131,8,1044.401,39.94308,20.55315,59.24671,924.6481,983.8989
15,16.72257,8,2801.958,49.35953,24.8192,113.2004,2614.569,2727.774
20,46.55342,8,8422.057,73.05892,46.75264,297.1351,8005.1,8302.24
