potential, virial
-9.726641589321727224e+03, -5.816597463088428049e+04
-9.848647039723799026e+03, -5.888561845927131071e+04
-1.005716734556627853e+04, -6.011401747517098556e+04
-1.036768946547750602e+04, -6.194035989767911087e+04
-1.078419197893182900e+04, -6.438224424415095564e+04
