potential, virial
-9.777666833461104034e+03, -5.847202391540364624e+04
-9.900271132185967872e+03, -5.919522541027480474e+04
-1.011503295631460787e+04, -6.046095996202332753e+04
-1.040976892629611029e+04, -6.219290991120757826e+04
-1.082576237709410270e+04, -6.463172028781510016e+04
