potential, virial
-9.792842993718535581e+03, -5.856312754488448263e+04
-9.915270731155933390e+03, -5.928528052987947740e+04
-1.012666506597194893e+04, -6.053088866029043857e+04
-1.042955492329017579e+04, -6.231159211239269644e+04
-1.084419634864719956e+04, -6.474231468534773012e+04
