cutOffRadius,totalTime,numWarps,CUDA_totalTime,CUDA_preTime,CUDA_postTime,CUDA_singleTime,CUDA_pairTime,CUDA_processingTime
5,4.280379,4,549.3022,30.07112,12.77284,15.34046,490.7077,506.4528
10,5.262974,4,632.502,40.35723,18.3617,34.1747,539.1897,573.7776
15,12.32172,4,1941.31,48.06745,23.87058,105.9962,1762.949,1869.366
20,33.24136,4,5897.771,69.58485,39.08836,330.4913,5457.969,5789.093
30,100.2892,4,19049.76,87.41075,57.65345,805.2085,18099.16,18904.69
40,371.9153,4,72196.84,155.2189,98.34406,2468.981,69473.9,71943.27
