potential, virial
-9.791912251484600347e+03, -5.855743524627453735e+04
-9.915384745306935656e+03, -5.928584087882176391e+04
-1.011381174708559229e+04, -6.045387041028593376e+04
-1.042142331720788934e+04, -6.226281967775677185e+04
-1.083576998311102216e+04, -6.469178878521292791e+04
