potential, virial
-9.730108692939482353e+03, -5.818671911552204983e+04
-9.852520523561666778e+03, -5.890877940896731889e+04
-1.006139180136242067e+04, -6.013928489829942555e+04
-1.036598436694289921e+04, -6.193016890125704231e+04
-1.078039050780980688e+04, -6.435948068539114320e+04
