cutOffRadius,totalTime,numWarps,CUDA_totalTime,CUDA_preTime,CUDA_postTime,CUDA_singleTime,CUDA_pairTime,CUDA_processingTime
5,2.616424,1,215.7124,30.33092,14.3794,11.71588,159.2766,170.9966
10,5.360691,1,651.9715,38.03439,20.13166,33.02606,560.7698,593.7999
15,13.38368,1,2148.98,48.0795,27.76439,93.14542,1979.981,2073.131
20,41.71487,1,7489.788,73.28353,35.57919,256.1972,7124.719,7380.92
