potential, virial
-9.730189214423413432e+03, -5.818720163489208790e+04
-9.852353962740848146e+03, -5.890778510928229662e+04
-1.006171960648188906e+04, -6.014124498684654827e+04
-1.036538253097796405e+04, -6.192657514081287081e+04
-1.078021222833535830e+04, -6.435841589696333540e+04
