potential, virial
-9.261189252804682837e+03, -5.537327670325560757e+04
-9.404743140312748437e+03, -5.622218076623640809e+04
-9.622554409199196016e+03, -5.750632256238139234e+04
-9.931875905192866412e+03, -5.932557834603266383e+04
-1.034844481805524083e+04, -6.176786599333132472e+04
