potential, virial
-9.785402591934564043e+03, -5.851859454617054871e+04
-9.913780257657093898e+03, -5.927633933335579059e+04
-1.012323403544750909e+04, -6.051033452657119778e+04
-1.042895598898262688e+04, -6.230797893924963864e+04
-1.084256835488760044e+04, -6.473255542003752635e+04
