potential, virial
-9.793274813165877276e+03, -5.856568672666891507e+04
-9.917940184762954232e+03, -5.930122194903684431e+04
-1.012515468815324311e+04, -6.052181865226419905e+04
-1.043051769903406239e+04, -6.231733185221705935e+04
-1.084706736412994178e+04, -6.475945432517435256e+04
