potential, virial
-9.791398636785910639e+03, -5.855446328600169363e+04
-9.913824464636541961e+03, -5.927660452521609841e+04
-1.012300900188265587e+04, -6.050898853800943471e+04
-1.042836260037294051e+04, -6.230443513466637523e+04
-1.084271115637232833e+04, -6.473340417821615847e+04
