potential, virial
-9.785763468555747750e+03, -5.852043444935664593e+04
-9.898056079148238496e+03, -5.918196538633422460e+04
-1.011125617773248996e+04, -6.043837869099217642e+04
-1.039928918712180166e+04, -6.213023664798351092e+04
-1.082691932034519414e+04, -6.463868044709246897e+04
