potential, virial
-9.732417900093865683e+03, -5.820051907481127273e+04
-9.855692804447748131e+03, -5.892774011451908154e+04
-1.006500106468030936e+04, -6.016086400618590415e+04
-1.036931848445641663e+04, -6.195008521935385943e+04
-1.077962801425237558e+04, -6.435491361661012343e+04
