potential,virial
1.986462472718944800e+16,-1.871249218636991744e+18
2.454381168891575255e+27,-2.349639177542366434e+30
2.678386317295777011e+24,-1.714475890039127736e+26
6.509058541235622912e+18,-1.403924383559505674e+21
6.935587922160128098e+23,-2.681173859379098324e+26
