potential,virial
-9.793107054531828908e+03,-5.856470916137725726e+04
-9.915258813283920972e+03,-5.928520902499053045e+04
-1.012444048628706696e+04,-6.051757688346189389e+04
-1.042955154873127685e+04,-6.231157186428004206e+04
-1.084414281926993317e+04,-6.474199442505092156e+04
