potential,virial
7.934271073244027200e+16,-7.677576345698679808e+18
1.242714766844085675e+27,1.475990981040906119e+30
1.044119961506336604e+20,-3.576043360176336745e+22
1.384912109165905019e+20,-4.851902358762896019e+22
1.026074006210372608e+18,2.194393027080831304e+20
