potential,virial
1.986395955355146000e+16,-1.871182700720538624e+18
2.454381354930486939e+27,-2.349639343052253287e+30
2.678386364393505226e+24,-1.714475962701574459e+26
6.509058780236426240e+18,-1.403924376449479606e+21
6.935610987746411529e+23,-2.681184057199106286e+26
