potential,virial
7.934271073244297600e+16,-7.677576345698811904e+18
1.242714766847726158e+27,1.475990981045203679e+30
1.044119959819139154e+20,-3.576043351291902873e+22
1.384912108694566175e+20,-4.851902354901311894e+22
1.026074041331500160e+18,2.194393123366658376e+20
