potential,virial
7.934271073244027200e+16,-7.677576345698679808e+18
1.242714766844019980e+27,1.475990981040815484e+30
1.044119961506305638e+20,-3.576043360176201689e+22
1.384912109166259732e+20,-4.851902358764130822e+22
1.026074006210250240e+18,2.194393027080351252e+20
