potential,virial
-9.791734565479304365e+03,-5.855647422706807993e+04
-9.913883574434565162e+03,-5.927695759190048557e+04
-1.012306300310452571e+04,-6.050931198437286366e+04
-1.042817203032843463e+04,-6.230329475386949343e+04
-1.084276224638130043e+04,-6.473371098772637924e+04
