potential,virial
7.934271073244102400e+16,-7.677576345698695168e+18
1.242714766844085675e+27,1.475990981040906119e+30
1.044119961506370847e+20,-3.576043360176431117e+22
1.384912109165971046e+20,-4.851902358763152710e+22
1.026074006210480128e+18,2.194393027081090826e+20
