potential,virial
1.986395955355449200e+16,-1.871182700720581888e+18
2.454381644786070469e+27,-2.349639670347760645e+30
2.678386419927012530e+24,-1.714476053110245370e+26
6.509058829627335680e+18,-1.403924401618918572e+21
6.935613116119658917e+23,-2.681185003918566150e+26
