potential,virial
7.934271073244179200e+16,-7.677576345698657280e+18
1.242714766846409768e+27,1.475990981043863858e+30
1.044119970464764068e+20,-3.576043391848263188e+22
1.384912104642575237e+20,-4.851902340835590957e+22
1.026073998052203776e+18,2.194393026872243323e+20
