potential,virial
7.934271073244220800e+16,-7.677576345698741248e+18
1.242714766844048842e+27,1.475990981040995628e+30
1.044119960776347812e+20,-3.576043356168625167e+22
1.384912109913080955e+20,-4.851902361529692979e+22
1.026073976507240320e+18,2.194392955546329416e+20
