potential,virial
1.986395955355156000e+16,-1.871182700720539904e+18
2.454381562950161909e+27,-2.349639578094972880e+30
2.678386404880472930e+24,-1.714476028457930237e+26
6.509058796130541568e+18,-1.403924397161614410e+21
6.935614855544318701e+23,-2.681185777703447954e+26
