potential,virial
7.934271073244220800e+16,-7.677576345698741248e+18
1.242714766844121410e+27,1.475990981041076693e+30
1.044119960776347648e+20,-3.576043356168627683e+22
1.384912109912607457e+20,-4.851902361528052167e+22
1.026073976507985792e+18,2.194392955548260106e+20
