potential,virial
7.934271072316220800e+16,-7.677576345940577280e+18
1.242714774716555120e+27,1.475990987700107265e+30
1.044449041245635379e+20,-3.577221235308053607e+22
1.385427751174889964e+20,-4.854727149964688674e+22
1.022908139499737856e+18,2.186916214018938307e+20
