potential,virial
1.986395955355233200e+16,-1.871182700720543488e+18
2.454381562934332240e+27,-2.349639578072658388e+30
2.678386404897859494e+24,-1.714476028466293741e+26
6.509058796107796480e+18,-1.403924397164842975e+21
6.935614855618729009e+23,-2.681185777732527975e+26
