potential,virial
1.986395955355148800e+16,-1.871182700720536320e+18
2.454381308653672002e+27,-2.349639289443588695e+30
2.678386357042970421e+24,-1.714475949251477896e+26
6.509058829692818432e+18,-1.403924364868776886e+21
6.935600042275254064e+23,-2.681179394545848607e+26
