potential,virial
1.986395955355148800e+16,-1.871182700720536320e+18
2.454381308710448583e+27,-2.349639289498087880e+30
2.678386356988596135e+24,-1.714475949230995025e+26
6.509058829709648896e+18,-1.403924364881748820e+21
6.935600042075036110e+23,-2.681179394471062575e+26
