potential,virial
1.986395955355348400e+16,-1.871182700720551680e+18
2.454381644819932129e+27,-2.349639670394853942e+30
2.678386419950830272e+24,-1.714476053130302867e+26
6.509058829649260544e+18,-1.403924401614675771e+21
6.935613116046279400e+23,-2.681185003888441593e+26
