potential,virial
1.986395955355348400e+16,-1.871182700720551680e+18
2.454381644819932129e+27,-2.349639670394853942e+30
2.678386419933863003e+24,-1.714476053121155274e+26
6.509058829659512832e+18,-1.403924401615987802e+21
6.935613116017344743e+23,-2.681185003877123152e+26
