potential,virial
1.986395955355156000e+16,-1.871182700720539904e+18
2.454381562953315308e+27,-2.349639578098359587e+30
2.678386404929684128e+24,-1.714476028489371459e+26
6.509058796117105664e+18,-1.403924397156293673e+21
6.935614855717376355e+23,-2.681185777773560718e+26
