potential,virial
7.934271073243992000e+16,-7.677576345698674688e+18
1.242714766844015307e+27,1.475990981041011110e+30
1.044119965279106171e+20,-3.576043372111968652e+22
1.384912104319932662e+20,-4.851902336008249881e+22
1.026073619200964480e+18,2.194392053418137682e+20
