potential,virial
1.986395955355112000e+16,-1.871182700720538368e+18
2.454381354860376030e+27,-2.349639342955394370e+30
2.678386364245443745e+24,-1.714475962604661099e+26
6.509058780268607488e+18,-1.403924376460154110e+21
6.935610987090627736e+23,-2.681184056928095567e+26
