potential,virial
7.934271073244172800e+16,-7.677576345698941952e+18
1.242714766847725884e+27,1.475990981045203679e+30
1.044119959819135549e+20,-3.576043351291891129e+22
1.384912108694610903e+20,-4.851902354901488894e+22
1.026074041331517696e+18,2.194393123366702612e+20
