potential,virial
1.986395955355141600e+16,-1.871182700720536320e+18
2.454381308601620022e+27,-2.349639289371537856e+30
2.678386357415242617e+24,-1.714475949473042202e+26
6.509058829536475136e+18,-1.403924364824113840e+21
6.935600043346887327e+23,-2.681179394970751784e+26
