potential,virial
7.934271073244156800e+16,-7.677576345698704384e+18
1.242714766844289085e+27,1.475990981041570963e+30
1.044119960776319468e+20,-3.576043356168494304e+22
1.384912109913058345e+20,-4.851902361529618321e+22
1.026073976507852672e+18,2.194392955547776123e+20
