potential,virial
1.986395955355146000e+16,-1.871182700720538624e+18
2.454381354966869229e+27,-2.349639343102168934e+30
2.678386364362936870e+24,-1.714475962690077004e+26
6.509058780242305024e+18,-1.403924376458227876e+21
6.935610987469822346e+23,-2.681184057089654713e+26
