potential,virial
7.934271073243955200e+16,-7.677576345698671616e+18
1.242714766844320971e+27,1.475990981041415308e+30
1.044119965279119606e+20,-3.576043372112005143e+22
1.384912104319767020e+20,-4.851902336007814513e+22
1.026073619204642176e+18,2.194392053427440845e+20
