potential,virial
7.934271073244156800e+16,-7.677576345698704384e+18
1.242714766844048017e+27,1.475990981041257963e+30
1.044119960776386150e+20,-3.576043356168757707e+22
1.384912109912605164e+20,-4.851902361528030357e+22
1.026073976508487808e+18,2.194392955549382410e+20
