potential,virial
1.986174112953473200e+16,-1.871368090002148352e+18
6.449339027173469585e+23,9.130874673136422021e+25
1.196335188389886482e+25,2.682346185341499191e+27
1.011866296132410173e+22,-4.132723621931583718e+24
1.303966348152982733e+21,-2.932762012638480821e+23
