potential,virial
-9.793107058406827491e+03,-5.856470918462725967e+04
-9.915258813283922791e+03,-5.928520902499055228e+04
-1.012444060451295081e+04,-6.051757759281696053e+04
-1.042955154873122228e+04,-6.231157186427969282e+04
-1.084414281926982767e+04,-6.474199442505036131e+04
