potential,virial
8.188151051096540000e+15,-8.184703135160721920e+17
1.774112650896211624e+09,-1.135335166469964027e+10
2.095848534675859833e+10,1.030138896274608398e+12
2.273737504472488165e+08,4.914084476430461884e+09
2.795338410116629601e+08,6.552011325326197624e+09
