potential,virial
2.146834658755687500e+15,-2.018360174369970560e+17
3.639703271597553091e+20,-2.093662074939634488e+23
8.730716680559081554e+20,2.485287208541329734e+23
4.978952064614424960e+17,-5.003231811060663091e+19
2.250359293562763008e+18,-2.680544409732642570e+20
