potential,virial
-9.775065551830964978e+03,-5.845646014849491621e+04
-9.897118452708464247e+03,-5.917636686491379078e+04
-1.010628906029459904e+04,-6.040866833089046122e+04
-1.041138976414870194e+04,-6.220260116018074768e+04
-1.082601312406737634e+04,-6.463321625722438330e+04
