potential,virial
2.150073733061865000e+15,-2.020520061236373440e+17
6.726252118798726562e+12,3.831370174363764844e+13
5.560780566782351562e+12,5.176205315953367500e+14
6.591564664084819031e+10,4.949644682662833862e+11
2.554707877873973846e+09,1.734088776319534683e+10
