potential,virial
-9.791734565479300727e+03,-5.855647422706810175e+04
-9.913883574434563343e+03,-5.927695759190047102e+04
-1.012306300310452571e+04,-6.050931198437285639e+04
-1.042817203032843645e+04,-6.230329475386950071e+04
-1.084276224638129679e+04,-6.473371098772637924e+04
