potential,virial
1.986395955355233200e+16,-1.871182700720543488e+18
2.454381562931808861e+27,-2.349639578069834068e+30
2.678386404901602558e+24,-1.714476028465737113e+26
6.509058796094545920e+18,-1.403924397166189085e+21
6.935614855557023751e+23,-2.681185777707620944e+26
