potential,virial
7.934271073243929600e+16,-7.677576345698679808e+18
1.242714766844022179e+27,1.475990981041141432e+30
1.044119960777595781e+20,-3.576043356173616389e+22
1.384912109909527101e+20,-4.851902361515838354e+22
1.026073976513566336e+18,2.194392955561877504e+20
