potential,virial
7.934271073244172800e+16,-7.677576345698941952e+18
1.242714766847678605e+27,1.475990981045077297e+30
1.044119959819142758e+20,-3.576043351291912939e+22
1.384912108694564700e+20,-4.851902354901297634e+22
1.026074041332208640e+18,2.194393123368351826e+20
