potential,virial
1.986174112953473200e+16,-1.871368090002148352e+18
6.449339027176478747e+23,9.130874673140435239e+25
1.196335188385478342e+25,2.682346185323403978e+27
1.011866296134252940e+22,-4.132723621944440165e+24
1.303966348150130344e+21,-2.932762012633100368e+23
