potential,virial
7.934271072316220800e+16,-7.677576345940578304e+18
1.242714774716490799e+27,1.475990987699896440e+30
1.044449041245863772e+20,-3.577221235309083728e+22
1.385427751174827704e+20,-4.854727149964406817e+22
1.022908139501998464e+18,2.186916214024282112e+20
