potential,virial
7.934271073243963200e+16,-7.677576345698672640e+18
1.242714766844276166e+27,1.475990981041393634e+30
1.044119965280438845e+20,-3.576043372117430895e+22
1.384912104318458593e+20,-4.851902336002933182e+22
1.026073619205815808e+18,2.194392053430387343e+20
