potential,virial
1.986462472718944800e+16,-1.871249218636991744e+18
2.454381168876191438e+27,-2.349639177529696682e+30
2.678386317292404925e+24,-1.714475890034463058e+26
6.509058541224679424e+18,-1.403924383559290454e+21
6.935587922113863247e+23,-2.681173859359372398e+26
