potential,virial
2.148059072710902750e+15,-2.018547563027067840e+17
3.725802813347642969e+13,4.383054109660636500e+15
4.035841602436515625e+12,3.604009728945988750e+14
7.034377343255514526e+10,6.022957747731230469e+11
3.353161602292974949e+09,2.173462487830748367e+10
