potential,virial
1.986395955355449200e+16,-1.871182700720581888e+18
2.454381644819931579e+27,-2.349639670394853660e+30
2.678386419948262418e+24,-1.714476053129821144e+26
6.509058829647544320e+18,-1.403924401616536732e+21
6.935613116072447831e+23,-2.681185003899741824e+26
