potential,virial
-9.793107054531836184e+03,-5.856470916137730819e+04
-9.915258813283915515e+03,-5.928520902499057411e+04
-1.012444048628706878e+04,-6.051757688346186478e+04
-1.042955154873128231e+04,-6.231157186428000568e+04
-1.084414281926992771e+04,-6.474199442505089974e+04
