potential,virial
2.147387787392817750e+15,-2.017897937975567360e+17
6.726739965387438477e+12,3.831326728370875000e+13
5.560663144796602539e+12,5.175987529648580625e+14
6.701616647461343384e+10,5.190559845148539429e+11
3.191054238685640812e+09,1.507929782968159866e+10
