potential,virial
-9.775134459846416576e+03,-5.845687267698320647e+04
-9.897228804387852506e+03,-5.917702843101695908e+04
-1.010644786070385817e+04,-6.040961898942074913e+04
-1.041208648474969050e+04,-6.220676368051449390e+04
-1.082601329050509412e+04,-6.463321725156487810e+04
