potential,virial
1.986395955355064800e+16,-1.871182700720540160e+18
2.454381565171114374e+27,-2.349639580991103255e+30
2.678386403382614360e+24,-1.714476027966911709e+26
6.509058797159753728e+18,-1.403924397558483649e+21
6.935614852100303880e+23,-2.681185776505849581e+26
