potential,virial
1.986462472718946000e+16,-1.871249218636991488e+18
2.454381168735741197e+27,-2.349639177349413649e+30
2.678386317265159263e+24,-1.714475889991600315e+26
6.509058541148660736e+18,-1.403924383555175580e+21
6.935587921560055400e+23,-2.681173859122111876e+26
