potential,virial
1.986174112953473600e+16,-1.871368090002148352e+18
6.449339027180675735e+23,9.130874673145953413e+25
1.196335188391691013e+25,2.682346185347146283e+27
1.011866296129890025e+22,-4.132723621920590212e+24
1.303966348152134173e+21,-2.932762012631898113e+23
