potential,virial
7.934271073243950400e+16,-7.677576345698680832e+18
1.242714766844071382e+27,1.475990981041170987e+30
1.044119959820229018e+20,-3.576043351296009935e+22
1.384912108693851832e+20,-4.851902354899081363e+22
1.026074041340364928e+18,2.194393123389085450e+20
