potential,virial
7.934271073244179200e+16,-7.677576345698657280e+18
1.242714766842178023e+27,1.475990981038465168e+30
1.044119970465415496e+20,-3.576043391850788159e+22
1.384912104641270743e+20,-4.851902340830892497e+22
1.026073998055738496e+18,2.194393026881931510e+20
