potential,virial
8.188151051096544000e+15,-8.184703135160725760e+17
1.774112647059480667e+09,-1.135335168655651665e+10
2.095848534700176620e+10,1.030138896310379761e+12
2.273737460908476114e+08,4.914084441615175247e+09
2.795338224548206329e+08,6.552011077314409256e+09
