potential,virial
7.934271073243963200e+16,-7.677576345698673664e+18
1.242714766844276441e+27,1.475990981041393634e+30
1.044119965280439009e+20,-3.576043372117430895e+22
1.384912104318458593e+20,-4.851902336002934859e+22
1.026073619205815936e+18,2.194392053430387343e+20
