potential,virial
8.190143885071564000e+15,-8.186695756163112960e+17
1.774326635433974028e+09,-1.134908430732761574e+10
2.084884282495761871e+10,1.025727152962868652e+12
2.279002620594127476e+08,4.925726024036093712e+09
2.798534913982108235e+08,6.556992550878068924e+09
