potential,virial
8.192120087211172000e+15,-8.188670200988960000e+17
1.812019730182937622e+09,-1.095778962057914543e+10
1.975174009900989532e+10,9.699221611965706787e+11
2.288076364927197397e+08,4.872033574507460594e+09
1.686182379471506774e+08,3.465013864076761246e+09
