potential,virial
7.934271073244179200e+16,-7.677576345698657280e+18
1.242714766846273429e+27,1.475990981043755491e+30
1.044119970464804536e+20,-3.576043391848440608e+22
1.384912104642582938e+20,-4.851902340835650516e+22
1.026073998049797504e+18,2.194393026867290440e+20
