potential,virial
7.934271073244102400e+16,-7.677576345698695168e+18
1.242714766844019980e+27,1.475990981040815484e+30
1.044119961506329395e+20,-3.576043360176268798e+22
1.384912109165850460e+20,-4.851902358762667010e+22
1.026074006210993664e+18,2.194393027082112205e+20
