potential,virial
7.934271073243952000e+16,-7.677576345698680832e+18
1.242714766844067259e+27,1.475990981041169299e+30
1.044119959820229181e+20,-3.576043351296009516e+22
1.384912108693851832e+20,-4.851902354899079686e+22
1.026074041340365696e+18,2.194393123389083484e+20
