potential,virial
1.986395955355086800e+16,-1.871182700720538880e+18
2.454381355673400557e+27,-2.349639343930662380e+30
2.678386363564125030e+24,-1.714475962357648253e+26
6.509058780444076032e+18,-1.403924376647470940e+21
6.935610985151730517e+23,-2.681184056225430671e+26
