potential,virial
-9.730108692939476896e+03,-5.818671911552203528e+04
-9.852520523561666778e+03,-5.890877940896734071e+04
-1.006139180136241339e+04,-6.013928489829941827e+04
-1.036598693483249008e+04,-6.193018430739436735e+04
-1.078039050778806995e+04,-6.435948068526386487e+04
