potential,virial
-9.791725561405175540e+03,-5.855642020386200602e+04
-9.914043794274701213e+03,-5.927791604115684459e+04
-1.012306317752049108e+04,-6.050931303077159828e+04
-1.042818678399692180e+04,-6.230338326225047058e+04
-1.084254063333392514e+04,-6.473238832700601779e+04
