potential,virial
8.188151050743611000e+15,-8.184703135256072960e+17
1.776283247991753101e+09,-1.130225365410424805e+10
2.090766693425844193e+10,1.029194504444982666e+12
2.493537770649445951e+08,6.348246444876200676e+09
1.315996687904647589e+08,2.479100673637224674e+09
