potential,virial
1.986395955355112000e+16,-1.871182700720538368e+18
2.454381354831843428e+27,-2.349639342923410368e+30
2.678386364215303275e+24,-1.714475962582893862e+26
6.509058780272828416e+18,-1.403924376459432952e+21
6.935610987122540686e+23,-2.681184056941093856e+26
