potential,virial
-9.793107054531834365e+03,-5.856470916137730819e+04
-9.915258813283919153e+03,-5.928520902499055228e+04
-1.012444048628706332e+04,-6.051757688346188661e+04
-1.042955154873127503e+04,-6.231157186428000568e+04
-1.084414281926992408e+04,-6.474199442505090701e+04
