potential,virial
2.147387787392792250e+15,-2.017897937975569920e+17
6.726739965440929688e+12,3.831326727415545312e+13
5.560663145538945312e+12,5.175987530020913750e+14
6.701616667844941711e+10,5.190559836789430542e+11
3.191056585598008156e+09,1.507927807328361893e+10
