potential,virial
7.934271073244297600e+16,-7.677576345698811904e+18
1.242714766847852327e+27,1.475990981045297411e+30
1.044119959819131945e+20,-3.576043351291902453e+22
1.384912108694549135e+20,-4.851902354901238075e+22
1.026074041331410816e+18,2.194393123366454231e+20
