potential,virial
-9.775067334913179366e+03,-5.845647084685773007e+04
-9.897129288360023565e+03,-5.917643187460723857e+04
-1.010628906030091821e+04,-6.040866833092774323e+04
-1.041138976415538309e+04,-6.220260116021879367e+04
-1.082601312408329613e+04,-6.463321625731058157e+04
