potential,virial
1.986395955355141600e+16,-1.871182700720536320e+18
2.454381308670974467e+27,-2.349639289435708521e+30
2.678386357311518619e+24,-1.714475949423426740e+26
6.509058829589960704e+18,-1.403924364842860806e+21
6.935600043050306414e+23,-2.681179394858609157e+26
