potential,virial
-9.730243761839730723e+03,-5.818752751008405176e+04
-9.852024001709394724e+03,-5.890580959197495395e+04
-1.006245509532327378e+04,-6.014564337527182215e+04
-1.036595375173333196e+04,-6.192998544758030039e+04
-1.078201466685760170e+04,-6.436918530686088343e+04
