potential,virial
8.188151051100088000e+15,-8.184703135159756800e+17
1.774641851268231869e+09,-1.135738886942052841e+10
2.095825578312602234e+10,1.030126433155659912e+12
2.273647599306343198e+08,4.913922063250871658e+09
2.795105540848475695e+08,6.552049377594412804e+09
