potential,virial
7.934271073243992000e+16,-7.677576345698674688e+18
1.242714766844090623e+27,1.475990981041175772e+30
1.044119965279111414e+20,-3.576043372111869247e+22
1.384912104319034982e+20,-4.851902336005090732e+22
1.026073619201078016e+18,2.194392053418537779e+20
