potential,virial
-9.791734565479304365e+03,-5.855647422706810175e+04
-9.913883574434561524e+03,-5.927695759190047829e+04
-1.012306300310452752e+04,-6.050931198437287821e+04
-1.042817203032843463e+04,-6.230329475386948616e+04
-1.084276224638129861e+04,-6.473371098772637924e+04
