potential,virial
1.986395955355067200e+16,-1.871182700720539904e+18
2.454381642988681769e+27,-2.349639668337757688e+30
2.678386419021098164e+24,-1.714476052210561047e+26
6.509058829453908992e+18,-1.403924401565060563e+21
6.935613111705840480e+23,-2.681185001985411678e+26
