potential,virial
1.986395955355144400e+16,-1.871182700720536320e+18
2.454381308667838110e+27,-2.349639289390925008e+30
2.678386356691960460e+24,-1.714475949044940478e+26
6.509058829770962944e+18,-1.403924364914842927e+21
6.935600041194487284e+23,-2.681179394115134512e+26
