potential,virial
-9.791734565479302546e+03,-5.855647422706809448e+04
-9.913883574434563343e+03,-5.927695759190045646e+04
-1.012306300310452571e+04,-6.050931198437285639e+04
-1.042817210362751212e+04,-6.230329519366392196e+04
-1.084276224638131134e+04,-6.473371098772648111e+04
