potential,virial
-9.785995881530056067e+03,-5.852204212362273393e+04
-9.908201889570365893e+03,-5.924286748295932921e+04
-1.011740240566876855e+04,-6.047534839999950782e+04
-1.042251017083888109e+04,-6.226932359717222425e+04
-1.083709514853430483e+04,-6.469970840088315163e+04
