potential,virial
7.934271073243936000e+16,-7.677576345698678784e+18
1.242714766844562864e+27,1.475990981041829639e+30
1.044119961506404762e+20,-3.576043360176542266e+22
1.384912109165628785e+20,-4.851902358761839893e+22
1.026074006214889344e+18,2.194393027092078264e+20
