potential,virial
1.986395955355065200e+16,-1.871182700720540416e+18
2.454381565171114924e+27,-2.349639580991102692e+30
2.678386403382614360e+24,-1.714476027966911709e+26
6.509058797159753728e+18,-1.403924397558483649e+21
6.935614852100302538e+23,-2.681185776505849238e+26
