potential,virial
2.147387787684838500e+15,-2.017897937881082560e+17
6.726760759932373047e+12,3.831370947723839844e+13
5.560662610822698242e+12,5.175987346153155000e+14
6.701550171213163757e+10,5.190395780303150635e+11
3.186675084501929283e+09,1.512842233003389168e+10
