potential,virial
-9.785954341865099195e+03,-5.852179324800499307e+04
-9.908190248092005277e+03,-5.924279779673254961e+04
-1.011743383605040071e+04,-6.047553653887398104e+04
-1.042246646809306367e+04,-6.226906152303899580e+04
-1.083710383707078836e+04,-6.469976035252347356e+04
