potential, virial
1.986395955355280400e+16, -1.871182700720549632e+18
2.454381355198426103e+27, -2.349639343407409969e+30
2.678386364085318237e+24, -1.714475962570802670e+26
6.509058780384965632e+18, -1.403924376511741952e+21
6.935610987019450733e+23, -2.681184056932435546e+26
