potential, virial
1.986395955355210400e+16, -1.871182700720537344e+18
2.454381308671617131e+27, -2.349639289482105168e+30
2.678386357007922414e+24, -1.714475949231674661e+26
6.509058829725671424e+18, -1.403924364871777124e+21
6.935600042162108519e+23, -2.681179394502064680e+26
