potential, virial
1.986395955355189600e+16, -1.871182700720537344e+18
2.454381308671029442e+27, -2.349639289449605504e+30
2.678386356912980551e+24, -1.714475949176101564e+26
6.509058829716835328e+18, -1.403924364887960322e+21
6.935600041862561394e+23, -2.681179394383607077e+26
