potential, virial
1.986395955355373600e+16, -1.871182700720521984e+18
2.454381168889053525e+27, -2.349639177539542114e+30
2.678386317295420529e+24, -1.714475890038719199e+26
6.509058541219856384e+18, -1.403924383560947466e+21
6.935587922081822791e+23, -2.681173859349300872e+26
