potential, virial
1.986174112953474800e+16, -1.871368090002148352e+18
6.449339027183070179e+23, 9.130874673149102483e+25
1.196335188386903842e+25, 2.682346185329915286e+27
1.011866296131624370e+22, -4.132723621936609366e+24
1.303966348148476215e+21, -2.932762012629184901e+23
