potential,virial
1.986395955355083200e+16,-1.871182700720540672e+18
2.454381642974906262e+27,-2.349639668340444367e+30
2.678386419288684827e+24,-1.714476052364564143e+26
6.509058829377646592e+18,-1.403924401533583098e+21
6.935613112374012569e+23,-2.681185002248975611e+26
