potential,virial
1.986395955355150400e+16,-1.871182700720536320e+18
2.454381308495166681e+27,-2.349639289224950192e+30
2.678386356757338452e+24,-1.714475949048028044e+26
6.509058829732696064e+18,-1.403924364886398206e+21
6.935600041345668790e+23,-2.681179394163492065e+26
