potential,virial
7.934271073243934400e+16,-7.677576345698678784e+18
1.242714766844562864e+27,1.475990981041829639e+30
1.044119961506364621e+20,-3.576043360176372816e+22
1.384912109165426934e+20,-4.851902358761006065e+22
1.026074006211619968e+18,2.194393027083784356e+20
