potential,virial
7.934271073244180800e+16,-7.677576345698657280e+18
1.242714766842112327e+27,1.475990981038333720e+30
1.044119970465447608e+20,-3.576043391850894275e+22
1.384912104640881787e+20,-4.851902340829293629e+22
1.026073998055995392e+18,2.194393026882501345e+20
