potential,virial
1.986462472718948400e+16,-1.871249218636992000e+18
2.454381168681456384e+27,-2.349639177284010123e+30
2.678386317328758065e+24,-1.714475890020880997e+26
6.509058541111859200e+18,-1.403924383542766207e+21
6.935587921796218204e+23,-2.681173859210911528e+26
