potential,virial
1.986174112953473600e+16,-1.871368090002148352e+18
6.449339027202370689e+23,9.130874673174575075e+25
1.196335188394190898e+25,2.682346185353876943e+27
1.011866296126478798e+22,-4.132723621909261162e+24
1.303966348151431365e+21,-2.932762012631194476e+23
