potential,virial
7.934271073243948800e+16,-7.677576345698680832e+18
1.242714766844070832e+27,1.475990981041170424e+30
1.044119959820405637e+20,-3.576043351296849215e+22
1.384912108694017475e+20,-4.851902354899706315e+22
1.026074041340197504e+18,2.194393123388552643e+20
