potential,virial
7.934271073243936000e+16,-7.677576345698678784e+18
1.242714766844562864e+27,1.475990981041829639e+30
1.044119961506362327e+20,-3.576043360176368622e+22
1.384912109165626655e+20,-4.851902358761816405e+22
1.026074006214486272e+18,2.194393027091054264e+20
