potential,virial
1.986462472718948400e+16,-1.871249218636991744e+18
2.454381168722877186e+27,-2.349639177339564276e+30
2.678386317336425118e+24,-1.714475890031641780e+26
6.509058541134558208e+18,-1.403924383544196465e+21
6.935587922078628410e+23,-2.681173859334998974e+26
