potential,virial
1.986395955355150400e+16,-1.871182700720536320e+18
2.454381308482308442e+27,-2.349639289215107012e+30
2.678386356751267516e+24,-1.714475949039620903e+26
6.509058829733730304e+18,-1.403924364885378466e+21
6.935600041297067209e+23,-2.681179394142203801e+26
