potential,virial
7.934271072316220800e+16,-7.677576345940577280e+18
1.242714774716564466e+27,1.475990987699999460e+30
1.044449041245856727e+20,-3.577221235308967546e+22
1.385427751174790513e+20,-4.854727149964327964e+22
1.022908139498271744e+18,2.186916214015029412e+20
