potential,virial
7.934271073244180800e+16,-7.677576345698657280e+18
1.242714766846074692e+27,1.475990981043177904e+30
1.044119970464802734e+20,-3.576043391848440188e+22
1.384912104641803551e+20,-4.851902340832692693e+22
1.026073998054470656e+18,2.194393026878759895e+20
