potential,virial
1.986395955355097600e+16,-1.871182700720539136e+18
2.454381355537555071e+27,-2.349639343764675742e+30
2.678386363872622330e+24,-1.714475962511574727e+26
6.509058780580032512e+18,-1.403924376568023220e+21
6.935610986056039908e+23,-2.681184056565945299e+26
