potential,virial
1.986395955355083200e+16,-1.871182700720541184e+18
2.454381642974906812e+27,-2.349639668340443522e+30
2.678386419355758795e+24,-1.714476052403528430e+26
6.509058829355068416e+18,-1.403924401526275047e+21
6.935613112576324319e+23,-2.681185002329765664e+26
