potential,virial
1.986395955355078400e+16,-1.871182700720540928e+18
2.454381565112456528e+27,-2.349639580920805443e+30
2.678386404461130577e+24,-1.714476028619796559e+26
6.509058796795014144e+18,-1.403924397429258191e+21
6.935614855279168895e+23,-2.681185777772287003e+26
