potential,virial
1.986395955355079200e+16,-1.871182700720540928e+18
2.454381565112456528e+27,-2.349639580920805443e+30
2.678386404478208977e+24,-1.714476028631740691e+26
6.509058796790331392e+18,-1.403924397427152388e+21
6.935614855328001331e+23,-2.681185777792052786e+26
