potential,virial
-9.730108692939476896e+03,-5.818671911552202801e+04
-9.852520523561666778e+03,-5.890877940896734071e+04
-1.006139180136241339e+04,-6.013928489829940372e+04
-1.036598436694290649e+04,-6.193016890125703503e+04
-1.078039050780980324e+04,-6.435948068539112865e+04
