potential,virial
7.934271073243928000e+16,-7.677576345698680832e+18
1.242714766844022454e+27,1.475990981041141151e+30
1.044119960777462907e+20,-3.576043356173117266e+22
1.384912109909181399e+20,-4.851902361514435779e+22
1.026073976512798848e+18,2.194392955559997604e+20
