potential,virial
7.934271073243929600e+16,-7.677576345698679808e+18
1.242714766844021079e+27,1.475990981041141151e+30
1.044119960777465364e+20,-3.576043356173118105e+22
1.384912109909175173e+20,-4.851902361514424035e+22
1.026073976512529408e+18,2.194392955559226573e+20
