potential,virial
7.934271073243929600e+16,-7.677576345698679808e+18
1.242714766844021904e+27,1.475990981041141151e+30
1.044119960777465364e+20,-3.576043356173118525e+22
1.384912109909175501e+20,-4.851902361514423196e+22
1.026073976512529280e+18,2.194392955559225917e+20
