potential,virial
7.934271073243960000e+16,-7.677576345698672640e+18
1.242714766844276166e+27,1.475990981041393353e+30
1.044119965280449495e+20,-3.576043372117459835e+22
1.384912104319356109e+20,-4.851902336006265976e+22
1.026073619203396608e+18,2.194392053424298721e+20
