potential,virial
1.986395955355098000e+16,-1.871182700720538880e+18
2.454381355537555071e+27,-2.349639343764675742e+30
2.678386363761060554e+24,-1.714475962444736446e+26
6.509058780494874624e+18,-1.403924376595162464e+21
6.935610985612850286e+23,-2.681184056391555539e+26
