potential,virial
1.986395955355078000e+16,-1.871182700720540416e+18
2.454381565112455979e+27,-2.349639580920806006e+30
2.678386404461130577e+24,-1.714476028619796559e+26
6.509058796795015168e+18,-1.403924397429257142e+21
6.935614855279170237e+23,-2.681185777772286659e+26
