potential,virial
7.934271073243952000e+16,-7.677576345698680832e+18
1.242714766844070832e+27,1.475990981041170424e+30
1.044119959820184125e+20,-3.576043351295832097e+22
1.384912108693905736e+20,-4.851902354899270107e+22
1.026074041339414016e+18,2.194393123386653409e+20
