potential,virial
1.986174112953473600e+16,-1.871368090002148352e+18
6.449339027202190837e+23,9.130874673174380942e+25
1.196335188394093188e+25,2.682346185353623506e+27
1.011866296126533324e+22,-4.132723621909319144e+24
1.303966348150392488e+21,-2.932762012625404659e+23
