potential,virial
1.986395955355078800e+16,-1.871182700720541184e+18
2.454381565112456254e+27,-2.349639580920805443e+30
2.678386404478208977e+24,-1.714476028631740691e+26
6.509058796790332416e+18,-1.403924397427153175e+21
6.935614855328001331e+23,-2.681185777792052786e+26
