potential,virial
-9.785995881530054248e+03,-5.852204212362271937e+04
-9.908201889570367712e+03,-5.924286748295933648e+04
-1.011740240566877037e+04,-6.047534839999950782e+04
-1.042251017083888291e+04,-6.226932359717222425e+04
-1.083709514853430483e+04,-6.469970840088315163e+04
