potential,virial
7.934271073243926400e+16,-7.677576345698679808e+18
1.242714766844021629e+27,1.475990981041141151e+30
1.044119960777462907e+20,-3.576043356173117266e+22
1.384912109909180908e+20,-4.851902361514436618e+22
1.026073976512302592e+18,2.194392955558990971e+20
