potential,virial
1.986395955355083600e+16,-1.871182700720541184e+18
2.454381642974906812e+27,-2.349639668340443241e+30
2.678386419288684827e+24,-1.714476052364563800e+26
6.509058829377645568e+18,-1.403924401533582836e+21
6.935613112374016596e+23,-2.681185002248974924e+26
