potential,virial
7.934271073244179200e+16,-7.677576345698657280e+18
1.242714766842178023e+27,1.475990981038465168e+30
1.044119970465437123e+20,-3.576043391850870368e+22
1.384912104641023181e+20,-4.851902340829822111e+22
1.026073998057706240e+18,2.194393026886664847e+20
