potential,virial
1.986395955355150000e+16,-1.871182700720536320e+18
2.454381308482308442e+27,-2.349639289215107012e+30
2.678386356766562432e+24,-1.714475949049204522e+26
6.509058829728704512e+18,-1.403924364883705987e+21
6.935600041341012777e+23,-2.681179394160022075e+26
