potential,virial
-9.775065551830964978e+03,-5.845646014849493076e+04
-9.897118452708462428e+03,-5.917636686491380533e+04
-1.010628906029459904e+04,-6.040866833089046122e+04
-1.041138976414870376e+04,-6.220260116018076224e+04
-1.082601312406737634e+04,-6.463321625722437602e+04
