potential,virial
1.986395955355097600e+16,-1.871182700720538880e+18
2.454381355537554796e+27,-2.349639343764675742e+30
2.678386363871745083e+24,-1.714475962510990611e+26
6.509058780577167360e+18,-1.403924376568487477e+21
6.935610986049176013e+23,-2.681184056563384811e+26
