potential,virial
7.934271073243936000e+16,-7.677576345698678784e+18
1.242714766844562589e+27,1.475990981041829639e+30
1.044119961506364457e+20,-3.576043360176372816e+22
1.384912109165426770e+20,-4.851902358761007743e+22
1.026074006211613952e+18,2.194393027083768300e+20
