potential,virial
-9.793107054531836184e+03,-5.856470916137730092e+04
-9.915258813283919153e+03,-5.928520902499055228e+04
-1.012444048628706514e+04,-6.051757688346189389e+04
-1.042955154873127685e+04,-6.231157186428002024e+04
-1.084414281926992408e+04,-6.474199442505091429e+04
