potential,virial
1.986395955355083200e+16,-1.871182700720540672e+18
2.454381642974906537e+27,-2.349639668340444085e+30
2.678386419352962234e+24,-1.714476052402793475e+26
6.509058829356236800e+18,-1.403924401526672458e+21
6.935613112566518372e+23,-2.681185002325940738e+26
