potential,virial
7.934271073243961600e+16,-7.677576345698672640e+18
1.242714766844276441e+27,1.475990981041393353e+30
1.044119965280444416e+20,-3.576043372117447672e+22
1.384912104318449746e+20,-4.851902336002879495e+22
1.026073619204731776e+18,2.194392053427441172e+20
