potential,virial
7.934271072316220800e+16,-7.677576345940580352e+18
1.242714774716489699e+27,1.475990987699895596e+30
1.044449041245896868e+20,-3.577221235309140351e+22
1.385427751174784778e+20,-4.854727149964276793e+22
1.022908139500194176e+18,2.186916214019728671e+20
