potential,virial
7.934271073243952000e+16,-7.677576345698677760e+18
1.242714766844067534e+27,1.475990981041169580e+30
1.044119959820184289e+20,-3.576043351295833774e+22
1.384912108693905736e+20,-4.851902354899270107e+22
1.026074041339413888e+18,2.194393123386652426e+20
