potential,virial
7.934271073243948800e+16,-7.677576345698679808e+18
1.242714766844067259e+27,1.475990981041169580e+30
1.044119959820405473e+20,-3.576043351296849215e+22
1.384912108694017638e+20,-4.851902354899706315e+22
1.026074041339488512e+18,2.194393123386940129e+20
