potential,virial
-9.793107054531838003e+03,-5.856470916137729364e+04
-9.915258813283919153e+03,-5.928520902499054500e+04
-1.012444048628706514e+04,-6.051757688346188661e+04
-1.042955154873127503e+04,-6.231157186428000568e+04
-1.084414281926992044e+04,-6.474199442505091429e+04
