potential, virial
1.986395955355374800e+16, -1.871182700720521728e+18
2.454381168795326206e+27, -2.349639177416199779e+30
2.678386317339201815e+24, -1.714475890049752455e+26
6.509058541181729792e+18, -1.403924383548232172e+21
6.935587922149483290e+23, -2.681173859367568914e+26
