potential, virial
1.986174112953474800e+16, -1.871368090002148352e+18
6.449339027176204943e+23, 9.130874673140014332e+25
1.196335188385451714e+25, 2.682346185323200019e+27
1.011866296134311661e+22, -4.132723621944897579e+24
1.303966348149587968e+21, -2.932762012632609467e+23
