potential, virial
1.986395955355342800e+16, -1.871182700720562944e+18
2.454381355052052793e+27, -2.349639343193058330e+30
2.678386364137903133e+24, -1.714475962574863303e+26
6.509058780367374336e+18, -1.403924376489768518e+21
6.935610986800145676e+23, -2.681184056825516286e+26
