potential,virial
7.934276910501068800e+16,-7.677582933015658496e+18
1.162260058113697994e+27,1.411394902494957847e+30
1.091991056202942382e+20,-3.765919916326388970e+22
1.355606445641307259e+20,-4.744904747204820861e+22
9.350870511858483200e+16,1.275080325085318349e+19
