potential,virial
-9.791734375000000000e+03,-5.855644531250000000e+04
-9.913885742187500000e+03,-5.927695703125000000e+04
-1.012306542968750000e+04,-6.050930859375000000e+04
-1.042817089843750000e+04,-6.230327343750000000e+04
-1.084275976562500000e+04,-6.473369140625000000e+04
