potential,virial
-9.791732421875000000e+03,-5.855645312500000000e+04
-9.913884765625000000e+03,-5.927695312500000000e+04
-1.012306445312500000e+04,-6.050931250000000000e+04
-1.042817187500000000e+04,-6.230327343750000000e+04
-1.084276074218750000e+04,-6.473368359375000000e+04
