potential,virial
-9.775067382812500000e+03,-5.845647265625000000e+04
-9.897120117187500000e+03,-5.917637500000000000e+04
-1.010629296875000000e+04,-6.040868359375000000e+04
-1.041139355468750000e+04,-6.220258203125000000e+04
-1.082601269531250000e+04,-6.463322265625000000e+04
