potential,virial
1.986463176589312000e+16,-1.871250455535812608e+18
1.249665675262345604e+28,-7.987628578004703451e+30
2.736232353878319900e+24,-2.639346675943188837e+26
5.981602739845595136e+18,-2.055240489423639413e+21
8.754575418107181966e+23,-3.870204382989373509e+26
