potential,virial
1.986396819344588800e+16,-1.871183935082332160e+18
1.237414321836674812e+28,-7.895869294907223675e+30
2.732826335523335123e+24,-2.630893639938852172e+26
5.973751677067460608e+18,-2.052091347384200593e+21
8.770982932269618157e+23,-3.876384780123829157e+26
