potential,virial
-9.730109375000000000e+03,-5.818673437500000000e+04
-9.852520507812500000e+03,-5.890878515625000000e+04
-1.006139062500000000e+04,-6.013927734375000000e+04
-1.036598437500000000e+04,-6.193016015625000000e+04
-1.078038183593750000e+04,-6.435952734375000000e+04
