potential,virial
7.934276910501068800e+16,-7.677582383259844608e+18
1.162091159724959110e+27,1.411154930719764343e+30
1.092023425825264108e+20,-3.766043765316141659e+22
1.355661597144556503e+20,-4.745025443674834390e+22
9.350817254264012800e+16,1.275029747550440653e+19
