potential,virial
7.934276910501068800e+16,-7.677582383259844608e+18
1.162183909954161721e+27,1.411296828387841610e+30
1.092018060208520561e+20,-3.766022148037930281e+22
1.355407478017144914e+20,-4.744128776989024924e+22
9.349992620543180800e+16,1.274938488085335245e+19
