potential,virial
1.986396604596224000e+16,-1.871184072521285632e+18
1.246111504188175837e+28,-7.961052761712115058e+30
2.736368975076615812e+24,-2.638393163742018791e+26
5.977618659462348800e+18,-2.053763449483350245e+21
8.786659782428509759e+23,-3.885370189162133080e+26
