potential,virial
7.934277769494528000e+16,-7.677582933015658496e+18
1.162111967652274254e+27,1.411184700518072353e+30
1.092016916716427674e+20,-3.766027101997520388e+22
1.355500012915738542e+20,-4.744511132597388680e+22
9.351464935332249600e+16,1.275165977041122099e+19
