potential,virial
-9.775067382812500000e+03,-5.845647265625000000e+04
-9.897120117187500000e+03,-5.917637109375000000e+04
-1.010629296875000000e+04,-6.040867578125000000e+04
-1.041139257812500000e+04,-6.220258593750000000e+04
-1.082601269531250000e+04,-6.463322265625000000e+04
