potential,virial
7.934257153651507200e+16,-7.677579634480775168e+18
1.162091012151006520e+27,1.411154628488309439e+30
1.092572477951710331e+20,-3.768013414613172145e+22
1.356124095715664200e+20,-4.747755075408983648e+22
9.323770127214182400e+16,1.270818837918384128e+19
