potential,virial
1.986397034092953600e+16,-1.871183660204425216e+18
1.246111504188175837e+28,-7.961052761712115058e+30
2.736368975076615812e+24,-2.638393163742018791e+26
5.977860552020459520e+18,-2.053741353697678459e+21
8.787675794504444543e+23,-3.885843901549945941e+26
