potential,virial
7.934276910501068800e+16,-7.677582383259844608e+18
1.162260058113697994e+27,1.411394902494957847e+30
1.091991056202942382e+20,-3.765919916326388970e+22
1.355606445641307259e+20,-4.744905197564783598e+22
9.350869652865024000e+16,1.275080105182992794e+19
