potential,virial
-9.792893554687500000e+03,-5.856356250000000000e+04
-9.915053710937500000e+03,-5.928405859375000000e+04
-1.012423242187500000e+04,-6.051637500000000000e+04
-1.042933789062500000e+04,-6.231029296875000000e+04
-1.084392089843750000e+04,-6.474063671875000000e+04
