potential,virial
1.986396819344588800e+16,-1.871184072521285632e+18
1.251447424136332321e+28,-8.000953358388495894e+30
2.733868000102747409e+24,-2.636387633726325088e+26
5.982300379973419008e+18,-2.055517883013187764e+21
8.798177468259532160e+23,-3.891405963823050845e+26
