potential,virial
7.934274333520691200e+16,-7.677582383259844608e+18
1.162091159724959110e+27,1.411155081835491795e+30
1.092021490684799222e+20,-3.766039937256458394e+22
1.355661245300835615e+20,-4.745026794754722601e+22
9.354317652610252800e+16,1.275607101106185830e+19
