potential,virial
-9.792891601562500000e+03,-5.856355468750000000e+04
-9.915053710937500000e+03,-5.928406250000000000e+04
-1.012423242187500000e+04,-6.051638281250000000e+04
-1.042933691406250000e+04,-6.231028906250000000e+04
-1.084391894531250000e+04,-6.474063671875000000e+04
