potential,virial
-9.785993164062500000e+03,-5.852203906250000000e+04
-9.908202148437500000e+03,-5.924285937500000000e+04
-1.011740039062500000e+04,-6.047533984375000000e+04
-1.042251074218750000e+04,-6.226930859375000000e+04
-1.083709277343750000e+04,-6.469970312500000000e+04
