potential,virial
1.986396819344588800e+16,-1.871183247887564800e+18
1.242565597255351092e+28,-7.934552503283252579e+30
2.735182618848375366e+24,-2.635826668239043581e+26
5.975937506183479296e+18,-2.053002059671347921e+21
8.784170192554499349e+23,-3.883421475118186403e+26
