potential,virial
-9.785991210937500000e+03,-5.852210546875000000e+04
-9.908201171875000000e+03,-5.924289453125000000e+04
-1.011739648437500000e+04,-6.047536718750000000e+04
-1.042250683593750000e+04,-6.226933984375000000e+04
-1.083708789062500000e+04,-6.469973437500000000e+04
