potential,virial
1.986397034092953600e+16,-1.871184209960239104e+18
1.238860546572053640e+28,-7.890535514191083931e+30
2.734141242499339232e+24,-2.633397047577095296e+26
5.974107918834860032e+18,-2.052293164942502134e+21
8.769793981967992346e+23,-3.876312099952178742e+26
