potential,virial
1.986396819344588800e+16,-1.871184072521285632e+18
1.238860546572053640e+28,-7.890535514191083931e+30
2.733267616229223393e+24,-2.632255194118932674e+26
5.974403137706917888e+18,-2.052378029647980397e+21
8.786903337096357956e+23,-3.884392142791344999e+26
