potential,virial
1.986396819344588800e+16,-1.871183935082332160e+18
1.246111504188175837e+28,-7.961052761712115058e+30
2.736368975076615812e+24,-2.638393163742018791e+26
5.977618109706534912e+18,-2.053763449483350245e+21
8.786659782428509759e+23,-3.885370189162133080e+26
