potential,virial
-9.261189453125000000e+03,-5.537322265625000000e+04
-9.404749023437500000e+03,-5.622202343750000000e+04
-9.622549804687500000e+03,-5.750632421875000000e+04
-9.931875976562500000e+03,-5.932561718750000000e+04
-1.034844726562500000e+04,-6.176785156250000000e+04
