potential,virial
1.986397034092953600e+16,-1.871184209960239104e+18
1.253403546392699000e+28,-8.032155733792749473e+30
2.738545690877313539e+24,-2.643829050285659521e+26
5.981999663543222272e+18,-2.055369264225484538e+21
8.800670661013244467e+23,-3.892698342712854936e+26
