potential,virial
7.934276051507609600e+16,-7.677582383259844608e+18
1.162260205687650584e+27,1.411394751379230395e+30
1.091981732344338842e+20,-3.765880735009630847e+22
1.355606533602237481e+20,-4.744904747204820861e+22
9.350881678773452800e+16,1.275080325085318349e+19
