potential,virial
7.934257153651507200e+16,-7.677579634480775168e+18
1.162091012151006520e+27,1.411154930719764343e+30
1.092575028818686771e+20,-3.768019944832631833e+22
1.356015376005909709e+20,-4.747311921205650391e+22
9.323952233827532800e+16,1.270844786392799642e+19
