potential,virial
1.986186580695449600e+16,-1.871358345114288128e+18
6.629380076570632971e+23,9.387212328368649304e+25
1.805551630202228259e+25,5.225439003698127801e+27
3.612325101394880941e+22,1.325315666639850051e+25
1.406872872932316545e+21,-2.883486046491294743e+23
