potential,virial
-9.785994140625000000e+03,-5.852204296875000000e+04
-9.908202148437500000e+03,-5.924286718750000000e+04
-1.011740136718750000e+04,-6.047534375000000000e+04
-1.042251074218750000e+04,-6.226932031250000000e+04
-1.083709179687500000e+04,-6.469970312500000000e+04
