potential,virial
7.934274333520691200e+16,-7.677582933015658496e+18
1.162260205687650584e+27,1.411394751379230395e+30
1.091992551538756157e+20,-3.765923068846128130e+22
1.355606093797586371e+20,-4.744906098284709072e+22
9.350812100303257600e+16,1.275067240896947814e+19
