potential,virial
7.934275192514150400e+16,-7.677582383259844608e+18
1.162091085937982815e+27,1.411154930719764343e+30
1.092023513786194330e+20,-3.766044440856085765e+22
1.355426301656212439e+20,-4.744197231703360956e+22
9.353382208733184000e+16,1.275472081078294938e+19
