potential,virial
-9.730108398437500000e+03,-5.818673437500000000e+04
-9.852521484375000000e+03,-5.890878125000000000e+04
-1.006139062500000000e+04,-6.013928125000000000e+04
-1.036598339843750000e+04,-6.193016015625000000e+04
-1.078038085937500000e+04,-6.435953515625000000e+04
