potential,virial
7.934277769494528000e+16,-7.677582933015658496e+18
1.162091159724959110e+27,1.411155232951219247e+30
1.092020874958287667e+20,-3.766040387616421131e+22
1.355669777511067156e+20,-4.745066876791406199e+22
9.350288973286604800e+16,1.274926833262080819e+19
