potential,virial
1.986396819344588800e+16,-1.871183247887564800e+18
1.247887940399869326e+28,-7.974334625229311182e+30
2.736917765712808671e+24,-2.639649202545997674e+26
5.978903438799405056e+18,-2.054181721298742280e+21
8.824594502809776921e+23,-3.903776719333761945e+26
