potential,virial
1.986397034092953600e+16,-1.871184209960239104e+18
1.238860546572053640e+28,-7.890535514191083931e+30
2.729847186355431030e+24,-2.627402040220580428e+26
5.975571368811429888e+18,-2.052847811384110481e+21
8.748961410955687001e+23,-3.866310275315413423e+26
