potential,virial
-9.791398437500000000e+03,-5.855455859375000000e+04
-9.913544921875000000e+03,-5.927514453125000000e+04
-1.012271582031250000e+04,-6.050746484375000000e+04
-1.042781152343750000e+04,-6.230135546875000000e+04
-1.084238183593750000e+04,-6.473163281250000000e+04
