potential,virial
7.934276051507609600e+16,-7.677581833504030720e+18
1.162260131900674289e+27,1.411394751379230395e+30
1.091991056202942382e+20,-3.765920141506370339e+22
1.355542761927826473e+20,-4.744662453544868328e+22
9.350704726120857600e+16,1.275051078076019507e+19
