potential,virial
1.986463176589312000e+16,-1.871250318096859136e+18
1.251619318276308776e+28,-8.018777156209984179e+30
2.736893554361211927e+24,-2.640909484101113510e+26
5.982496093043163136e+18,-2.055616821467501560e+21
8.807823097797449194e+23,-3.895863803995903495e+26
