potential,virial
7.934275192514150400e+16,-7.677582383259844608e+18
1.162091012151006520e+27,1.411155081835491795e+30
1.092022810098752553e+20,-3.766037910636626077e+22
1.355664060050602721e+20,-4.745035801953977342e+22
9.351485551175270400e+16,1.275153112755077120e+19
