potential,virial
-9.785994140625000000e+03,-5.852203515625000000e+04
-9.908201171875000000e+03,-5.924285937500000000e+04
-1.011740039062500000e+04,-6.047534765625000000e+04
-1.042251074218750000e+04,-6.226931640625000000e+04
-1.083709277343750000e+04,-6.469970312500000000e+04
