potential,virial
1.986186580695449600e+16,-1.871358345114288128e+18
6.629388723481917522e+23,9.387221551740686158e+25
1.803020621623164848e+25,5.216215631661273025e+27
3.613962835399374222e+22,1.325650820921239262e+25
1.406344122188565578e+21,-2.882732864489613301e+23
