potential,virial
1.986396604596224000e+16,-1.871183797643378688e+18
1.246111504188175837e+28,-7.961052761712115058e+30
2.736368975076615812e+24,-2.638393163742018791e+26
5.977860552020459520e+18,-2.053741212960190104e+21
8.787675794504444543e+23,-3.885843901549945941e+26
