potential,virial
7.934275192514150400e+16,-7.677582383259844608e+18
1.162091085937982815e+27,1.411154930719764343e+30
1.092021666606659666e+20,-3.766039937256458394e+22
1.355426301656212439e+20,-4.744196781343398219e+22
9.353420863438848000e+16,1.275478788099224371e+19
