potential,virial
-9.790208984375000000e+03,-5.854623437500000000e+04
-9.912300781250000000e+03,-5.926691796875000000e+04
-1.012145605468750000e+04,-6.049921484375000000e+04
-1.042649023437500000e+04,-6.229310546875000000e+04
-1.084097070312500000e+04,-6.472336718750000000e+04
