potential,virial
-9.775067382812500000e+03,-5.845647656250000000e+04
-9.897121093750000000e+03,-5.917637500000000000e+04
-1.010629296875000000e+04,-6.040867187500000000e+04
-1.041139257812500000e+04,-6.220258593750000000e+04
-1.082601171875000000e+04,-6.463321484375000000e+04
