potential,virial
7.934276051507609600e+16,-7.677582383259844608e+18
1.162184057528114311e+27,1.411296677272114158e+30
1.092019115739683226e+20,-3.766028002717445862e+22
1.355407478017144914e+20,-4.744128776989024924e+22
9.352341108660633600e+16,1.275321447985289626e+19
