potential,virial
1.986396819344588800e+16,-1.871184072521285632e+18
1.251447424136332321e+28,-8.000953358388495894e+30
2.738066075531397091e+24,-2.642271960618397698e+26
5.980688495927099392e+18,-2.054900889864238006e+21
8.809471775549036985e+23,-3.896671402451450500e+26
