potential,virial
-9.791603515625000000e+03,-5.855601562500000000e+04
-9.913762695312500000e+03,-5.927640625000000000e+04
-1.012293750000000000e+04,-6.050870312500000000e+04
-1.042804296875000000e+04,-6.230263671875000000e+04
-1.084262304687500000e+04,-6.473299609375000000e+04
