potential,virial
-9.791500976562500000e+03,-5.855398828125000000e+04
-9.913591796875000000e+03,-5.927452734375000000e+04
-1.012272753906250000e+04,-6.050687500000000000e+04
-1.042777734375000000e+04,-6.230073437500000000e+04
-1.084228613281250000e+04,-6.473097265625000000e+04
