potential,virial
-9.736284627943772648e+03,-5.822365357065176795e+04
-9.850320359543493396e+03,-5.889563174038015859e+04
-1.006362740452743492e+04,-6.015261786416856194e+04
-1.037456632122220253e+04,-6.198144447083526029e+04
-1.076897737458531446e+04,-6.429126538063275802e+04
