potential,virial
-9.793107054531839822e+03,-5.856470916137729364e+04
-9.915258813283913696e+03,-5.928520902499060321e+04
-1.012444048628706150e+04,-6.051757688346191571e+04
-1.042955154873128413e+04,-6.231157186428001296e+04
-1.084414281926992044e+04,-6.474199442505087063e+04
