potential,virial
-9.785995881530056067e+03,-5.852204212362271937e+04
-9.908201889570362255e+03,-5.924286748295933648e+04
-1.011740240566877037e+04,-6.047534839999950054e+04
-1.042251017083888109e+04,-6.226932359717218787e+04
-1.083709514853430846e+04,-6.469970840088315163e+04
