potential,virial
7.934271073244089600e+16,-7.677576345698690048e+18
1.242714766844017506e+27,1.475990981041034191e+30
1.044119965279109284e+20,-3.576043372111990463e+22
1.384912104319630377e+20,-4.851902336007260026e+22
1.026073619206793472e+18,2.194392053433012716e+20
