potential,virial
1.986462472718948800e+16,-1.871249218636991744e+18
2.454381168889051601e+27,-2.349639177539542114e+30
2.678386317295547230e+24,-1.714475890038774862e+26
6.509058541220364288e+18,-1.403924383560887697e+21
6.935587922082057672e+23,-2.681173859349369591e+26
