potential,virial
1.986395955355412800e+16,-1.871182700720590080e+18
2.454381565017170652e+27,-2.349639580772877113e+30
2.678386405306518116e+24,-1.714476029111948959e+26
6.509058796549410816e+18,-1.403924397318556353e+21
6.935614857873362696e+23,-2.681185778803032425e+26
