potential,virial
7.934271073244192000e+16,-7.677576345698658304e+18
1.242714766842381707e+27,1.475990981039049792e+30
1.044119970465469727e+20,-3.576043391850978581e+22
1.384912104641773896e+20,-4.851902340832673399e+22
1.026073998052612992e+18,2.194393026873821757e+20
