potential,virial
-9.784718581898589036e+03,-5.851421439952297078e+04
-9.896690334455537595e+03,-5.917381174066868698e+04
-1.010332834414258468e+04,-6.039101900225623831e+04
-1.041873487625258531e+04,-6.224646784168373415e+04
-1.082834231743502460e+04,-6.464716793194126512e+04
