potential,virial
-9.793133170127837730e+03,-5.856486584355167724e+04
-9.915260055629405542e+03,-5.928521647906395083e+04
-1.012445247162677333e+04,-6.051764879299462336e+04
-1.042955207896465436e+04,-6.231157504569003504e+04
-1.084414551902888161e+04,-6.474201062318655750e+04
