potential,virial
-9.740185941113131776e+03,-5.824698612327605952e+04
-9.856408670582281047e+03,-5.893202405058909062e+04
-1.005545325695430256e+04,-6.010379816036247212e+04
-1.036874658000206909e+04,-6.194667862654972123e+04
-1.077498596658560746e+04,-6.432720356639764213e+04
