potential,virial
-9.730108692939476896e+03,-5.818671911552202801e+04
-9.852520523561668597e+03,-5.890877940896734799e+04
-1.006139180136241521e+04,-6.013928489829940372e+04
-1.036598436694290831e+04,-6.193016890125703503e+04
-1.078039050780980142e+04,-6.435948068539112137e+04
