potential,virial
-9.712990122172093834e+03,-5.808505896860884241e+04
-9.684382054108149532e+03,-5.790383807110969065e+04
-9.901842935446260526e+03,-5.918585827760257962e+04
-1.021922474323070855e+04,-6.105349389851091109e+04
-1.062060306811987903e+04,-6.340523029668290110e+04
