potential,virial
-9.793115189607624416e+03,-5.856475797427548241e+04
-9.915111192249629312e+03,-5.928432510718389676e+04
-1.012487426148614941e+04,-6.052017270580083277e+04
-1.042941253812808463e+04,-6.231074000277774758e+04
-1.084442451779037219e+04,-6.474368063067484763e+04
