potential,virial
7.933883931837368000e+16,-7.677208328248167424e+18
1.245024177693843877e+27,1.478866042929442725e+30
1.034473269817519473e+20,-3.553134600261893462e+22
1.385150206413311508e+20,-4.854397010033688288e+22
1.639643358117860608e+18,3.150006854628524032e+20
