potential,virial
1.986395955355280800e+16,-1.871182700720549632e+18
2.454381355198823301e+27,-2.349639343407854136e+30
2.678386364084644464e+24,-1.714475962569623100e+26
6.509058780385933312e+18,-1.403924376511805915e+21
6.935610987016888517e+23,-2.681184056931415061e+26
