potential,virial
-9.791734565479306184e+03,-5.855647422706807993e+04
-9.913883574434568800e+03,-5.927695759190044191e+04
-1.012306300310453116e+04,-6.050931198437286366e+04
-1.042817203032843645e+04,-6.230329475386949343e+04
-1.084276224638129497e+04,-6.473371098772634286e+04
