potential,virial
7.934271073248563200e+16,-7.677576345697679360e+18
1.242714766844067259e+27,1.475990981041169299e+30
1.044119959820258509e+20,-3.576043351295935277e+22
1.384912108693066220e+20,-4.851902354898406919e+22
1.026074041330680832e+18,2.194393123383626301e+20
