potential,virial
-9.796701805279033579e+03,-5.858619197232710576e+04
-9.915011367975595931e+03,-5.928368402396707097e+04
-1.012740579584883926e+04,-6.053527890536234918e+04
-1.042811228928606761e+04,-6.230293762486260675e+04
-1.084484695931072565e+04,-6.474619034455514338e+04
