potential,virial
-9.796865874876079033e+03,-5.858707242043002771e+04
-9.915252700867016756e+03,-5.928504724838139373e+04
-1.011950223256484605e+04,-6.048789286450469808e+04
-1.040641244578782789e+04,-6.217304719442340865e+04
-1.083723309049228374e+04,-6.470054754609804513e+04
