potential,virial
-9.794491603723043227e+03,-5.857297023642250133e+04
-9.909901620178196026e+03,-5.925313920386883547e+04
-1.012681586186779168e+04,-6.053175253523725405e+04
-1.043309373910535942e+04,-6.233271985803198186e+04
-1.084845454972719199e+04,-6.476769873634253599e+04
