potential,virial
-9.791783579914324946e+03,-5.855676806347690581e+04
-9.913884162491673123e+03,-5.927696111988736811e+04
-1.012315236666685450e+04,-6.050984688545822428e+04
-1.042818646187231388e+04,-6.230338134096794965e+04
-1.084267046409429895e+04,-6.473316244590571296e+04
