potential,virial
7.934271072316220800e+16,-7.677576345940577280e+18
1.242714774716467159e+27,1.475990987700005371e+30
1.044449041245683057e+20,-3.577221235308218024e+22
1.385427751174887834e+20,-4.854727149964694546e+22
1.022908139499746048e+18,2.186916214018903900e+20
