potential,virial
-9.792933753932309628e+03,-5.856367116741008067e+04
-9.915513494539476596e+03,-5.928673376681539958e+04
-1.012451694410340497e+04,-6.051803266949414683e+04
-1.043054205527287559e+04,-6.231749776148068486e+04
-1.084504363887127693e+04,-6.474738315414787212e+04
