potential,virial
1.987384956317382400e+16,-1.872126377406392576e+18
2.453579823783596866e+27,-2.348898137126245460e+30
2.676608704959501870e+24,-1.714403240103765678e+26
6.508515127391161344e+18,-1.404302992364342870e+21
6.918899785531810088e+23,-2.674927184350981991e+26
