potential,virial
-9.784761744229961550e+03,-5.851475746934250492e+04
-9.916573734436453378e+03,-5.929305034544959926e+04
-1.012031205472795045e+04,-6.049285913538409659e+04
-1.041709988763299953e+04,-6.223705964033073542e+04
-1.084266232179645158e+04,-6.473311416949592240e+04
