potential,virial
-9.793389090506916546e+03,-5.856639648294759536e+04
-9.915335405256611921e+03,-5.928566763350475230e+04
-1.012464965153906815e+04,-6.051882868128598784e+04
-1.042934702969019418e+04,-6.231034756180143449e+04
-1.084383605630713828e+04,-6.474015749468858849e+04
