potential,virial
-9.781044518552818772e+03,-5.849241439221732435e+04
-9.903115910207867273e+03,-5.921244140862190397e+04
-1.011150256410226575e+04,-6.044005723267987923e+04
-1.041580787503698593e+04,-6.222926238014813862e+04
-1.083265122769321169e+04,-6.467314725151722814e+04
