potential,virial
-9.730115000582949506e+03,-5.818675903540920262e+04
-9.853660013672830246e+03,-5.891559215757210040e+04
-1.005555293981171235e+04,-6.010437523646243790e+04
-1.036333241389385330e+04,-6.191432177034246706e+04
-1.077461159142783981e+04,-6.432493564941859222e+04
