potential,virial
-9.775065551830963159e+03,-5.845646014849491621e+04
-9.897118452708462428e+03,-5.917636686491379078e+04
-1.010628906029459722e+04,-6.040866833089046122e+04
-1.041138976414870376e+04,-6.220260116018075496e+04
-1.082601312406737452e+04,-6.463321625722438330e+04
