potential,virial
1.986395955300184800e+16,-1.871182700732377600e+18
2.454381565171115474e+27,-2.349639580991103255e+30
2.678386403562375921e+24,-1.714476028168944909e+26
6.509058762507990016e+18,-1.403924398880853590e+21
6.935614852175303404e+23,-2.681185776532051631e+26
