potential,virial
-9.785490057963454092e+03,-5.851901464327037684e+04
-9.908347825070261024e+03,-5.924374130219759536e+04
-1.011751112949586059e+04,-6.047599891718364961e+04
-1.042256888326326043e+04,-6.226967596946162666e+04
-1.083703037537536329e+04,-6.469932091580963606e+04
