potential,virial
1.987214892835656800e+16,-1.872015113168245504e+18
2.453003538810160750e+27,-2.348365400471767293e+30
2.675337082015825275e+24,-1.714349406446548317e+26
6.527497241518015488e+18,-1.408349836606508892e+21
6.907085056889931610e+23,-2.670498725339076221e+26
