potential,virial
1.986395955355190000e+16,-1.871182700720537344e+18
2.454381308671028892e+27,-2.349639289449605504e+30
2.678386356912913979e+24,-1.714475949176025972e+26
6.509058829716950016e+18,-1.403924364888075403e+21
6.935600041865346411e+23,-2.681179394384928209e+26
