potential,virial
-9.791734565479300727e+03,-5.855647422706808720e+04
-9.913883574434563343e+03,-5.927695759190049284e+04
-1.012306300310452752e+04,-6.050931198437287094e+04
-1.042817203032843463e+04,-6.230329475386948616e+04
-1.084276224638129679e+04,-6.473371098772638652e+04
