potential,virial
-9.764901004331608419e+03,-5.839564420459057874e+04
-9.901755323877696355e+03,-5.920410785031372507e+04
-1.010523595576819753e+04,-6.040234322786725534e+04
-1.041792283292845241e+04,-6.224166101195997180e+04
-1.082112833744166710e+04,-6.460398575600382173e+04
