potential,virial
7.938298830473782400e+16,-7.681462305340354560e+18
1.243986035771495183e+27,1.477549839127669207e+30
1.043930542408249344e+20,-3.575607489042145765e+22
1.386342981211141898e+20,-4.856116397340313308e+22
2.644368689664379000e+15,2.786193458474906240e+17
