potential,virial
7.934271073244200000e+16,-7.677576345698788352e+18
1.242714766844034823e+27,1.475990981040876283e+30
1.044119961506345452e+20,-3.576043360176389174e+22
1.384912109166103593e+20,-4.851902358763523487e+22
1.026074006209665664e+18,2.194393027078848840e+20
