potential,virial
-9.793041333838127684e+03,-5.856428943649016583e+04
-9.914785574675179305e+03,-5.928235866510498454e+04
-1.011743959007876038e+04,-6.047568532743977266e+04
-1.042737996892521551e+04,-6.229853780213577556e+04
-1.084381847245741483e+04,-6.474002910888527549e+04
