potential,virial
1.986395955355430400e+16,-1.871182700720701440e+18
2.454381643013070586e+27,-2.349639668369648803e+30
2.678386419587864733e+24,-1.714476052554625723e+26
6.509058829286958080e+18,-1.403924401476003168e+21
6.935613114082098246e+23,-2.681185002951538802e+26
