potential,virial
7.931168239667681600e+16,-7.674585430517158912e+18
1.242755598918242741e+27,1.476041049757228077e+30
1.344682169997306448e+24,-1.147555936077780801e+27
3.008220611078882918e+19,-9.947619721947520172e+21
1.897967589541304320e+19,6.212872861186884895e+21
