potential,virial
-9.786057899955567336e+03,-5.852219286881633161e+04
-9.897175776756710547e+03,-5.917674023882785696e+04
-1.011249943163081116e+04,-6.044579933563659142e+04
-1.041418559804944016e+04,-6.221930912255297881e+04
-1.082781221612200898e+04,-6.464399361813519499e+04
