potential,virial
-9.261189252804671924e+03,-5.537327670325560757e+04
-9.404743140312732066e+03,-5.622218076623638626e+04
-9.622554409199190559e+03,-5.750632256238134869e+04
-9.931875905192895516e+03,-5.932557834603267838e+04
-1.034844481805524265e+04,-6.176786599333133199e+04
