potential,virial
-9.793380969590725726e+03,-5.856634801947486267e+04
-9.915235878411063823e+03,-5.928507080767637672e+04
-1.012444676596897443e+04,-6.051761455981279869e+04
-1.042992139567169033e+04,-6.231378430038504303e+04
-1.084424645457473707e+04,-6.474261444209455658e+04
