potential,virial
7.934271073244062400e+16,-7.677576345698964480e+18
1.242714766848214891e+27,1.475990981046324513e+30
1.044119960775670006e+20,-3.576043356166093904e+22
1.384912109913610813e+20,-4.851902361532040112e+22
1.026073976505534976e+18,2.194392955542348104e+20
