potential,virial
-9.776483239271325147e+03,-5.846493891931453254e+04
-9.910449417168110813e+03,-5.925608635241907905e+04
-1.010713454727655335e+04,-6.041371079112069856e+04
-1.042225763244590598e+04,-6.226756876675126114e+04
-1.083968733145829719e+04,-6.471487257448063610e+04
