potential,virial
7.937588904890531200e+16,-7.680772053290261504e+18
1.244131178402988442e+27,1.477727818184023528e+30
1.044032090506323231e+20,-3.575702916006480236e+22
1.385295652060537487e+20,-4.853378932745853259e+22
1.026261540132874240e+18,2.194899622656630456e+20
