potential,virial
-9.684967128708924065e+03,-5.791740126756601967e+04
-9.682757539486759924e+03,-5.789411389493871684e+04
-9.912045174313467214e+03,-5.924691009488786949e+04
-1.021850482148463743e+04,-6.104918418461148394e+04
-1.061853055727461469e+04,-6.339282498943714018e+04
