potential,virial
-9.790799450052923930e+03,-5.855078308140306763e+04
-9.892058465854244787e+03,-5.914628625542935333e+04
-1.009875142149376370e+04,-6.036377957649205200e+04
-1.041698072416250034e+04,-6.223624077711129212e+04
-1.081798210026686866e+04,-6.458544051943895465e+04
