potential,virial
-9.775394826138117423e+03,-5.845843172496247280e+04
-9.898561099579072106e+03,-5.918499544995385077e+04
-1.010648094056702212e+04,-6.040981700381326664e+04
-1.041160931460589381e+04,-6.220391679539548204e+04
-1.082648893860975113e+04,-6.463606482980194414e+04
