potential,virial
-9.714224202323983263e+03,-5.809169744934967457e+04
-9.831293260982414722e+03,-5.878181466416032345e+04
-1.005347753958938847e+04,-6.009196703711104055e+04
-1.033729097044348055e+04,-6.175866366301046219e+04
-1.078229951815238201e+04,-6.437091617570479139e+04
