potential,virial
1.985189087368251600e+16,-1.870037186768546048e+18
2.454382344460858579e+27,-2.349640258455543568e+30
2.678389367495458548e+24,-1.714475659427353455e+26
6.509059532254853120e+18,-1.403923906030722875e+21
6.935631559045864793e+23,-2.681191760476302505e+26
