potential,virial
1.986395955355156800e+16,-1.871182700720521216e+18
2.454381642988681769e+27,-2.349639668337757406e+30
2.678386419021391296e+24,-1.714476052210778888e+26
6.509058829452948480e+18,-1.403924401565040640e+21
6.935613111706087441e+23,-2.681185001985456003e+26
