potential,virial
-9.730108817625863594e+03,-5.818671986363381438e+04
-9.852517190784308696e+03,-5.890875941385312035e+04
-1.006107347114590630e+04,-6.013738017176197900e+04
-1.036602401682441086e+04,-6.193040615717638866e+04
-1.078111781577922011e+04,-6.436382741243655619e+04
