potential,virial
7.934271073243529600e+16,-7.677576345699565568e+18
1.242714766847802575e+27,1.475990981045270107e+30
1.044119959819236966e+20,-3.576043351292194377e+22
1.384912108693462221e+20,-4.851902354897331500e+22
1.026074041332838912e+18,2.194393123369975153e+20
