potential,virial
-9.788110375540300083e+03,-5.853469162923809927e+04
-9.903246538144241640e+03,-5.921321009650662745e+04
-1.012025320227072734e+04,-6.049241185678701004e+04
-1.043433782189879457e+04,-6.234005821439735155e+04
-1.083397373788568257e+04,-6.468104376705429604e+04
