potential,virial
1.986395955324858400e+16,-1.871182700748526336e+18
2.454381308678177367e+27,-2.349639289370829947e+30
2.678386362587661531e+24,-1.714475955469738076e+26
6.509058852889222144e+18,-1.403924364360752824e+21
6.935599685812393827e+23,-2.681179231423644571e+26
