potential,virial
7.934271073120140800e+16,-7.677576345770441728e+18
1.242714766848768221e+27,1.475990981047304609e+30
1.044119962439934116e+20,-3.576043355838590484e+22
1.384912100602053263e+20,-4.851902315211165952e+22
1.026073649332405888e+18,2.194392132542360781e+20
