potential,virial
1.986528990032444800e+16,-1.871315736585323776e+18
2.454381168766494262e+27,-2.349639177374762159e+30
2.678386322449426918e+24,-1.714475896002122548e+26
6.509058563415583744e+18,-1.403924383193434685e+21
6.935587555314780351e+23,-2.681173691723073209e+26
