potential,virial
7.934271073120611200e+16,-7.677576345770772480e+18
1.242714766842892980e+27,1.475990981039833981e+30
1.044119967658874470e+20,-3.576043375728632686e+22
1.384912100941649510e+20,-4.851902320146670577e+22
1.026074038823287680e+18,2.194393132941398508e+20
