potential,virial
7.934271073120465600e+16,-7.677576345770979328e+18
1.242714766848789936e+27,1.475990981047304046e+30
1.044119956964966400e+20,-3.576043334934651208e+22
1.384912104922443776e+20,-4.851902333833383300e+22
1.026074075886128384e+18,2.194393213683055985e+20
