potential,virial
7.934271072230884800e+16,-7.677576345996389376e+18
1.242714774721400668e+27,1.475990987706251019e+30
1.044449037616255468e+20,-3.577221215670797494e+22
1.385427746339496100e+20,-4.854727123156516156e+22
1.022908235443907968e+18,2.186916459740040397e+20
