potential,virial
1.986395955324879600e+16,-1.871182700748450304e+18
2.454381640529786741e+27,-2.349639665458305831e+30
2.678386424667146207e+24,-1.714476057989660477e+26
6.509058851659112448e+18,-1.403924400797896409e+21
6.935612755175608313e+23,-2.681184838689370387e+26
