potential,virial
1.986174112929837600e+16,-1.871368090020841728e+18
6.449339027183658053e+23,9.130874673149521671e+25
1.196334151774583134e+25,2.682341992545186506e+27
1.011866828935763539e+22,-4.132726476163160352e+24
1.303966052972370330e+21,-2.932761647516707476e+23
