potential,virial
7.934271073119780800e+16,-7.677576345770674176e+18
1.242714766849145078e+27,1.475990981047734421e+30
1.044119958656438272e+20,-3.576043343833647284e+22
1.384912105381278515e+20,-4.851902337636628011e+22
1.026074038627108224e+18,2.194393111976400323e+20
