potential,virial
-9.793107054535596035e+03,-5.856470915574583341e+04
-9.915258813291502520e+03,-5.928520901549221162e+04
-1.012444048629573263e+04,-6.051757686645563081e+04
-1.042955154873514766e+04,-6.231157184468584455e+04
-1.084414281927282173e+04,-6.474199440435897850e+04
