potential,virial
1.986395955324930000e+16,-1.871182700748557056e+18
2.454381354639566333e+27,-2.349639342552492777e+30
2.678386369421761415e+24,-1.714475968560139031e+26
6.509058803706878976e+18,-1.403924375952975725e+21
6.935610629723637961e+23,-2.681183893444239479e+26
